INSERT INTO public.account (id, first_name, last_name, date_of_birth, username, account_name, bio, email_address, phone_number, salt, password, tweets_count, followers_count, following_count, created_by, created_date, updated_by, updated_date, mark_for_delete) VALUES ('78f5edf3-921f-4741-ab36-3e757e5f25fe', 'Emily', 'Davis', '1998-12-28', 'emilydavis321', 'Emily''s Account', 'I''m a photographer', 'emilydavis321@gmail.com', '+13035551212', '$2a$10$Xf8R2f8LwmkxJdQ7RqBSRu', '$2a$10$Xf8R2f8LwmkxJdQ7RqBSRuuzyd5UbUP9HqkA7cW68PtNmwoHlgQCW', 0, 0, 0, 'system', '2023-03-21 09:46:44.090047', 'system', '2023-03-21 09:46:44.090047', false);
INSERT INTO public.account (id, first_name, last_name, date_of_birth, username, account_name, bio, email_address, phone_number, salt, password, tweets_count, followers_count, following_count, created_by, created_date, updated_by, updated_date, mark_for_delete) VALUES ('0deeff2a-bbf5-4662-8422-e27e7d61e300', 'Michael', 'Brown', '1992-06-17', 'michaelbrown654', 'Michael''s Account', 'I''m a teacher', 'michaelbrown654@gmail.com', '+12024567890', '$2a$10$adsEV/QReT7bvQxD7/y5Fu', '$2a$10$adsEV/QReT7bvQxD7/y5FuxAoDqLPVJeBiAqYTHnNcnR4e9U/bHMK', 0, 0, 0, 'system', '2023-03-21 09:46:44.162014', 'system', '2023-03-21 09:46:44.162014', false);
INSERT INTO public.account (id, first_name, last_name, date_of_birth, username, account_name, bio, email_address, phone_number, salt, password, tweets_count, followers_count, following_count, created_by, created_date, updated_by, updated_date, mark_for_delete) VALUES ('6170b39a-8a94-430e-9976-79c4d9683988', 'Jane', 'Smith', '1990-08-15', 'janesmith456', 'Jane''s Account', 'I''m a graphic designer', 'janesmith456@gmail.com', '+14158123990', '$2a$10$5oQ7EyWN5cpEOUYmlo15Ae', '$2a$10$5oQ7EyWN5cpEOUYmlo15Ae4P9Y70YKgUmuZ3TwLwn7uHBaN1d6L5y', 0, 0, 1, 'system', '2023-03-21 09:46:43.946613', 'system', '2023-03-21 09:46:43.946613', false);
INSERT INTO public.account (id, first_name, last_name, date_of_birth, username, account_name, bio, email_address, phone_number, salt, password, tweets_count, followers_count, following_count, created_by, created_date, updated_by, updated_date, mark_for_delete) VALUES ('f52527c7-4080-4f92-93b9-646b00dcac11', 'Robert', 'Johnson', '1987-02-04', 'robertjohnson789', 'Robert''s Account', 'I''m a software engineer', 'robertjohnson789@gmail.com', '+14045551212', '$2a$10$cuj/GpxGDsH56TIQB2GnpO', '$2a$10$cuj/GpxGDsH56TIQB2GnpOfWJ.IbUhSH2ZOnvKivCXR4cmoennLDO', 0, 0, 1, 'system', '2023-03-21 09:46:44.016045', 'system', '2023-03-21 09:46:44.016045', false);
INSERT INTO public.account (id, first_name, last_name, date_of_birth, username, account_name, bio, email_address, phone_number, salt, password, tweets_count, followers_count, following_count, created_by, created_date, updated_by, updated_date, mark_for_delete) VALUES ('bb36c86d-7f03-4cc8-8798-47cd7427cba8', 'John', 'Doe', '1995-05-23', 'johndoe123', 'John''s Account', 'I''m a web developer', 'johndoe123@gmail.com', '+15417543010', '$2a$10$LTy7ywlqwwdUsmjaaSMGFe', '$2a$10$LTy7ywlqwwdUsmjaaSMGFeHmTZ78CM6tRc1MOTE9XU10EJF9HHkUW', 3, 2, 0, 'system', '2023-03-21 09:46:43.874639', 'system', '2023-03-21 09:46:43.874639', false);

INSERT INTO public.account_relationship (id, follower_id, followed_id, created_by, created_date, updated_by, updated_date, mark_for_delete) VALUES ('4ad258c1-7d55-4108-a5a0-505de001644a', '6170b39a-8a94-430e-9976-79c4d9683988', 'bb36c86d-7f03-4cc8-8798-47cd7427cba8', '6170b39a-8a94-430e-9976-79c4d9683988', '2023-03-22 00:53:47.795542', '6170b39a-8a94-430e-9976-79c4d9683988', '2023-03-22 00:53:47.795542', false);
INSERT INTO public.account_relationship (id, follower_id, followed_id, created_by, created_date, updated_by, updated_date, mark_for_delete) VALUES ('b0d7de4d-ed69-4530-8446-fd1ee3c61c0e', 'f52527c7-4080-4f92-93b9-646b00dcac11', 'bb36c86d-7f03-4cc8-8798-47cd7427cba8', 'f52527c7-4080-4f92-93b9-646b00dcac11', '2023-03-22 00:54:03.668061', 'f52527c7-4080-4f92-93b9-646b00dcac11', '2023-03-22 00:54:03.668061', false);

INSERT INTO public.direct_message (id, sender_id, recipient_id, message, status, created_by, created_date, updated_by, updated_date, mark_for_delete) VALUES ('3a9c56a3-73d4-419f-a2e4-766d1b4fc5c8', 'bb36c86d-7f03-4cc8-8798-47cd7427cba8', '6170b39a-8a94-430e-9976-79c4d9683988', 'p', 'DELIVERED', 'bb36c86d-7f03-4cc8-8798-47cd7427cba8', '2023-03-21 11:15:46.658307', 'bb36c86d-7f03-4cc8-8798-47cd7427cba8', '2023-03-21 11:15:46.658307', false);
INSERT INTO public.direct_message (id, sender_id, recipient_id, message, status, created_by, created_date, updated_by, updated_date, mark_for_delete) VALUES ('23f0bd4a-1c16-41d0-8648-594fa8532a60', 'bb36c86d-7f03-4cc8-8798-47cd7427cba8', '6170b39a-8a94-430e-9976-79c4d9683988', 'p', 'DELIVERED', 'bb36c86d-7f03-4cc8-8798-47cd7427cba8', '2023-03-21 11:15:48.950049', 'bb36c86d-7f03-4cc8-8798-47cd7427cba8', '2023-03-21 11:15:48.950049', false);
INSERT INTO public.direct_message (id, sender_id, recipient_id, message, status, created_by, created_date, updated_by, updated_date, mark_for_delete) VALUES ('69ad2a62-0174-4821-b19b-64e31be026a3', 'bb36c86d-7f03-4cc8-8798-47cd7427cba8', '6170b39a-8a94-430e-9976-79c4d9683988', 'p', 'DELIVERED', 'bb36c86d-7f03-4cc8-8798-47cd7427cba8', '2023-03-21 11:15:49.81004', 'bb36c86d-7f03-4cc8-8798-47cd7427cba8', '2023-03-21 11:15:49.81004', false);
INSERT INTO public.direct_message (id, sender_id, recipient_id, message, status, created_by, created_date, updated_by, updated_date, mark_for_delete) VALUES ('db66151f-c142-420d-8954-6b2421d3662a', 'bb36c86d-7f03-4cc8-8798-47cd7427cba8', '6170b39a-8a94-430e-9976-79c4d9683988', 'p', 'DELIVERED', 'bb36c86d-7f03-4cc8-8798-47cd7427cba8', '2023-03-21 11:15:57.601847', 'bb36c86d-7f03-4cc8-8798-47cd7427cba8', '2023-03-21 11:15:57.601847', false);
INSERT INTO public.direct_message (id, sender_id, recipient_id, message, status, created_by, created_date, updated_by, updated_date, mark_for_delete) VALUES ('7e8a4374-7812-4456-b63c-8a8bce025391', 'bb36c86d-7f03-4cc8-8798-47cd7427cba8', '6170b39a-8a94-430e-9976-79c4d9683988', 'Jane??', 'DELIVERED', 'bb36c86d-7f03-4cc8-8798-47cd7427cba8', '2023-03-21 11:16:01.996328', 'bb36c86d-7f03-4cc8-8798-47cd7427cba8', '2023-03-21 11:16:01.996328', false);
INSERT INTO public.direct_message (id, sender_id, recipient_id, message, status, created_by, created_date, updated_by, updated_date, mark_for_delete) VALUES ('f66bfa6c-de31-44d5-bcb8-d10464123045', '6170b39a-8a94-430e-9976-79c4d9683988', 'bb36c86d-7f03-4cc8-8798-47cd7427cba8', 'What John?', 'DELIVERED', '6170b39a-8a94-430e-9976-79c4d9683988', '2023-03-21 11:16:07.802465', '6170b39a-8a94-430e-9976-79c4d9683988', '2023-03-21 11:16:07.802465', false);
INSERT INTO public.direct_message (id, sender_id, recipient_id, message, status, created_by, created_date, updated_by, updated_date, mark_for_delete) VALUES ('3aaee260-06e0-4002-9e17-a93b6b3ac8c0', 'bb36c86d-7f03-4cc8-8798-47cd7427cba8', '6170b39a-8a94-430e-9976-79c4d9683988', 'U heard about Ms. A?', 'DELIVERED', 'bb36c86d-7f03-4cc8-8798-47cd7427cba8', '2023-03-21 11:16:16.810091', 'bb36c86d-7f03-4cc8-8798-47cd7427cba8', '2023-03-21 11:16:16.810091', false);
INSERT INTO public.direct_message (id, sender_id, recipient_id, message, status, created_by, created_date, updated_by, updated_date, mark_for_delete) VALUES ('21deb68d-254b-430e-9ae9-b048d5092eff', '6170b39a-8a94-430e-9976-79c4d9683988', 'bb36c86d-7f03-4cc8-8798-47cd7427cba8', 'What about her?', 'DELIVERED', '6170b39a-8a94-430e-9976-79c4d9683988', '2023-03-21 11:22:10.835302', '6170b39a-8a94-430e-9976-79c4d9683988', '2023-03-21 11:22:10.835302', false);
INSERT INTO public.direct_message (id, sender_id, recipient_id, message, status, created_by, created_date, updated_by, updated_date, mark_for_delete) VALUES ('edb51d0f-214e-40c1-a2ec-3f35441eb385', 'bb36c86d-7f03-4cc8-8798-47cd7427cba8', '6170b39a-8a94-430e-9976-79c4d9683988', 'her husband got deported back to Indonesia', 'DELIVERED', 'bb36c86d-7f03-4cc8-8798-47cd7427cba8', '2023-03-21 11:22:31.386602', 'bb36c86d-7f03-4cc8-8798-47cd7427cba8', '2023-03-21 11:22:31.386602', false);
INSERT INTO public.direct_message (id, sender_id, recipient_id, message, status, created_by, created_date, updated_by, updated_date, mark_for_delete) VALUES ('3fa2c084-311f-43f8-b4a8-8aa7970b8357', '6170b39a-8a94-430e-9976-79c4d9683988', 'bb36c86d-7f03-4cc8-8798-47cd7427cba8', 'For real>', 'DELIVERED', '6170b39a-8a94-430e-9976-79c4d9683988', '2023-03-21 11:22:36.851939', '6170b39a-8a94-430e-9976-79c4d9683988', '2023-03-21 11:22:36.851939', false);
INSERT INTO public.direct_message (id, sender_id, recipient_id, message, status, created_by, created_date, updated_by, updated_date, mark_for_delete) VALUES ('19e1e1de-62dc-4072-8743-a9a3237d7593', '6170b39a-8a94-430e-9976-79c4d9683988', 'bb36c86d-7f03-4cc8-8798-47cd7427cba8', 'so this is her last day', 'DELIVERED', '6170b39a-8a94-430e-9976-79c4d9683988', '2023-03-21 11:22:44.580446', '6170b39a-8a94-430e-9976-79c4d9683988', '2023-03-21 11:22:44.580446', false);
INSERT INTO public.direct_message (id, sender_id, recipient_id, message, status, created_by, created_date, updated_by, updated_date, mark_for_delete) VALUES ('3d1c0046-caa4-4b62-b163-c2c1f4115211', 'bb36c86d-7f03-4cc8-8798-47cd7427cba8', '6170b39a-8a94-430e-9976-79c4d9683988', 'Yeah, it''s so sad she have to go', 'DELIVERED', 'bb36c86d-7f03-4cc8-8798-47cd7427cba8', '2023-03-21 11:23:00.182863', 'bb36c86d-7f03-4cc8-8798-47cd7427cba8', '2023-03-21 11:23:00.182863', false);
INSERT INTO public.direct_message (id, sender_id, recipient_id, message, status, created_by, created_date, updated_by, updated_date, mark_for_delete) VALUES ('e8ca45ac-ea95-4597-8d0a-f45fc41f9f34', '6170b39a-8a94-430e-9976-79c4d9683988', 'bb36c86d-7f03-4cc8-8798-47cd7427cba8', 'we have to prepare farewell party for her', 'DELIVERED', '6170b39a-8a94-430e-9976-79c4d9683988', '2023-03-21 11:23:41.66156', '6170b39a-8a94-430e-9976-79c4d9683988', '2023-03-21 11:23:41.66156', false);
INSERT INTO public.direct_message (id, sender_id, recipient_id, message, status, created_by, created_date, updated_by, updated_date, mark_for_delete) VALUES ('5cab94e8-0fe3-43bd-a692-57c673280b5e', 'bb36c86d-7f03-4cc8-8798-47cd7427cba8', '6170b39a-8a94-430e-9976-79c4d9683988', 'agreed, meet me at 12', 'DELIVERED', 'bb36c86d-7f03-4cc8-8798-47cd7427cba8', '2023-03-21 11:24:02.542833', 'bb36c86d-7f03-4cc8-8798-47cd7427cba8', '2023-03-21 11:24:02.542833', false);
INSERT INTO public.direct_message (id, sender_id, recipient_id, message, status, created_by, created_date, updated_by, updated_date, mark_for_delete) VALUES ('c3cb53f2-0fd2-42b7-9b31-1a2f84154284', '6170b39a-8a94-430e-9976-79c4d9683988', 'bb36c86d-7f03-4cc8-8798-47cd7427cba8', 'got it', 'DELIVERED', '6170b39a-8a94-430e-9976-79c4d9683988', '2023-03-21 11:24:07.502352', '6170b39a-8a94-430e-9976-79c4d9683988', '2023-03-21 11:24:07.502352', false);

INSERT INTO public.notification (id, sender_id, recipient_id, title, message, image_url, redirect_url, type, has_read, created_by, created_date, updated_by, updated_date, mark_for_delete) VALUES ('5b22d4c5-36a5-499e-bfed-2e6ecbc0b7e6', 'bb36c86d-7f03-4cc8-8798-47cd7427cba8', '6170b39a-8a94-430e-9976-79c4d9683988', 'John''s Account Tweeted:', 'Do you know that water is liquid? It''s not a gas XD', 'IMAGE_URL', '/@johndoe123/tweets/c2a86195-8e40-402c-ba1c-16308ee672fa', 'NEW_TWEET', false, 'bb36c86d-7f03-4cc8-8798-47cd7427cba8', '2023-03-22 03:16:19.371584', 'bb36c86d-7f03-4cc8-8798-47cd7427cba8', '2023-03-22 03:16:19.371584', false);
INSERT INTO public.notification (id, sender_id, recipient_id, title, message, image_url, redirect_url, type, has_read, created_by, created_date, updated_by, updated_date, mark_for_delete) VALUES ('970c7d9b-fcfe-460a-867e-913ed39f397a', 'bb36c86d-7f03-4cc8-8798-47cd7427cba8', 'f52527c7-4080-4f92-93b9-646b00dcac11', 'John''s Account Tweeted:', 'Do you know that water is liquid? It''s not a gas XD', 'IMAGE_URL', '/@johndoe123/tweets/c2a86195-8e40-402c-ba1c-16308ee672fa', 'NEW_TWEET', false, 'bb36c86d-7f03-4cc8-8798-47cd7427cba8', '2023-03-22 03:16:19.371584', 'bb36c86d-7f03-4cc8-8798-47cd7427cba8', '2023-03-22 03:16:19.371584', false);
INSERT INTO public.notification (id, sender_id, recipient_id, title, message, image_url, redirect_url, type, has_read, created_by, created_date, updated_by, updated_date, mark_for_delete) VALUES ('dd5239d7-2e8d-4c89-bc1c-108314d1e880', 'bb36c86d-7f03-4cc8-8798-47cd7427cba8', '6170b39a-8a94-430e-9976-79c4d9683988', 'John''s Account Tweeted:', 'For my followers <3', 'IMAGE_URL', '/@johndoe123/tweets/01ca5281-42de-49cd-b96b-382baefee61e', 'NEW_TWEET', false, 'bb36c86d-7f03-4cc8-8798-47cd7427cba8', '2023-03-22 03:16:51.485964', 'bb36c86d-7f03-4cc8-8798-47cd7427cba8', '2023-03-22 03:16:51.485964', false);
INSERT INTO public.notification (id, sender_id, recipient_id, title, message, image_url, redirect_url, type, has_read, created_by, created_date, updated_by, updated_date, mark_for_delete) VALUES ('783ae601-9475-42a9-8462-3125f6e0671c', 'bb36c86d-7f03-4cc8-8798-47cd7427cba8', 'f52527c7-4080-4f92-93b9-646b00dcac11', 'John''s Account Tweeted:', 'For my followers <3', 'IMAGE_URL', '/@johndoe123/tweets/01ca5281-42de-49cd-b96b-382baefee61e', 'NEW_TWEET', false, 'bb36c86d-7f03-4cc8-8798-47cd7427cba8', '2023-03-22 03:16:51.485964', 'bb36c86d-7f03-4cc8-8798-47cd7427cba8', '2023-03-22 03:16:51.485964', false);

INSERT INTO public.tweet (id, message, creator_id, created_by, created_date, updated_by, updated_date, mark_for_delete) VALUES ('c2a86195-8e40-402c-ba1c-16308ee672fa', 'Do you know that water is liquid? It''s not a gas XD', 'bb36c86d-7f03-4cc8-8798-47cd7427cba8', 'bb36c86d-7f03-4cc8-8798-47cd7427cba8', '2023-03-22 03:16:18.731869', 'bb36c86d-7f03-4cc8-8798-47cd7427cba8', '2023-03-22 03:16:18.731869', false);
INSERT INTO public.tweet (id, message, creator_id, created_by, created_date, updated_by, updated_date, mark_for_delete) VALUES ('01ca5281-42de-49cd-b96b-382baefee61e', 'For my followers <3', 'bb36c86d-7f03-4cc8-8798-47cd7427cba8', 'bb36c86d-7f03-4cc8-8798-47cd7427cba8', '2023-03-22 03:16:51.415052', 'bb36c86d-7f03-4cc8-8798-47cd7427cba8', '2023-03-22 03:16:51.415052', false);
